INSERT INTO employees (
        birth_date,
        first_name,
        last_name,
        gender,
        hire_date
    )
VALUES ('2000-05-05', 'shiv', 'yadav', 'M', '2022-08-16'),
    (
        '1997-11-01',
        'ragh',
        'sharma',
        'M',
        '2014-11-12'
    ),
    (
        '2002-05-05',
        'apurva',
        'gupta',
        'F',
        '2022-04-11'
    ),
    ('1995-11-21', 'amn', 'tiwari', 'M', '2022-08-22'),
    (
        '1987-01-15',
        'vinita',
        'modi',
        'F',
        '2019-11-06'
    ),
    ('2000-12-09', 'rahul', 'rai', 'M', '2022-08-16'),
    (
        '2001-09-19',
        'chitra',
        'mishra',
        'F',
        '2022-08-16'
    ),
    ('1990-01-01', 'John', 'Doe', 'M', '2020-05-01'),
    ('1992-03-15', 'Jane', 'Smith', 'F', '2019-10-12'),
    (
        '1985-07-20',
        'Michael',
        'Johnson',
        'M',
        '2021-02-28'
    ),
    (
        '1993-12-05',
        'Emily',
        'Davis',
        'F',
        '2022-06-10'
    ),
    (
        '1980-09-12',
        'Gaurav',
        'Raj',
        'M',
        '2000-04-21'
    ),
    (
        '1995-11-01',
        'Sumitra',
        'Sharma',
        'F',
        '2014-12-11'
    ),
    (
        '2001-04-11',
        'Sujata',
        'Shinde',
        'F',
        '2021-05-10'
    ),
    (
        '1979-11-01',
        'Vivek',
        'Jain',
        'M',
        '2012-02-11'
    );
    
select *
from employees;
INSERT INTO salaries (emp_no, salary, from_date, to_date)
VALUES
    (1, 28424, '2023-06-07', '2022-09-12'),
    (2, 30109, '2019-03-15', '2023-07-25'),
    (3, 45103, '2023-02-02', '2023-08-17'),
    (4, 71375, '2022-12-31', '2023-01-16'),
    (5, 68323, '2023-04-21', '2020-11-28'),
    (6, 73291, '2023-05-16', '2023-02-12'),
    (7, 44678, '2023-05-13', '2023-06-21'),
    (8, 27893, '2021-11-12', '2023-08-08'),
    (9, 68580, '2021-02-21', '2021-05-01'),
    (10, 23433, '2022-12-15', '2022-09-12'),
    (11, 22866, '2023-06-10', '2022-12-17'),
    (12, 64889, '2012-04-25', '2008-03-27'),
    (13, 64557, '2017-02-14', '2015-05-11'),
    (14, 26874, '2021-11-07', '2023-02-17'),
    (15, 28922, '2021-06-08', '2019-06-15');

select *
from salaries;

INSERT INTO titles (emp_no, title, from_date, to_date)
VALUES
    (1, 'Software Engineer', '2022-08-16', '2023-07-13'),
    (2, 'HR Manager', '2014-11-12', '2015-03-01'),
    (3, 'Sales Associate', '2022-04-11', '2023-01-22'),
    (4, 'Sales Associate', '2022-08-22', '2023-12-31'),
    (5, 'Project Manager', '2019-11-06', '2019-11-14'),
    (6, 'Sales Manager', '2022-08-16', '2023-05-21'),
    (7, 'Team Lead', '2022-08-16', '2023-05-16'),
    (8, 'Associate Software Engineer', '2020-05-01', '2020-10-13'),
    (9, 'Project Manager', '2019-10-12', '2019-10-17'),
    (10, 'Associate Software Engineer', '2021-02-28', '2021-11-15'),
    (11, 'Team Lead', '2022-06-10', '2022-12-19'),
    (12, 'Accountant', '2000-04-21', '2020-05-20'),
    (13, 'Finance Manager', '2014-12-11', '2021-11-21'),
    (14, 'Financial Analyst', '2021-05-10', '2023-11-09'),
    (15, 'HR Consultant', '2012-02-11', '2023-07-23');

select *
from titles;
INSERT INTO departments (dept_name)
VALUES ('Engineering'),
    ('HR'),
    ('Sales'),
    ('Finance');

INSERT INTO dept_emp (dept_no, emp_no, from_date, to_date)
VALUES
    (1, 1, '2022-08-16', '2023-07-13'),
    (2, 2, '2014-11-12', '2015-03-01'),
    (3, 3, '2022-04-11', '2023-01-22'),
    (3, 4, '2022-08-22', '2023-12-31'),
    (1, 5, '2019-11-06', '2019-11-14'),
    (3, 6, '2022-08-16', '2023-05-21'),
    (1, 7, '2022-08-16', '2023-05-16'),
    (1, 8, '2020-05-01', '2020-10-13'),
    (1, 9, '2019-10-12', '2019-10-17'),
    (1, 10, '2021-02-28', '2021-11-15'),
    (1, 11, '2022-06-10', '2022-12-19'),
    (4, 12, '2000-04-21', '2020-05-20'),
    (4, 13, '2014-12-11', '2021-11-21'),
    (4, 14, '2021-05-10', '2023-11-09'),
    (2, 15, '2012-02-11', '2023-07-23');

INSERT INTO dept_emp (dept_no, emp_no, from_date, to_date)
VALUES
    (2, 2, '2014-11-12', '2015-03-01'),
    (1, 5, '2019-11-06', '2019-11-14'),
    (3, 6, '2022-08-16', '2023-05-21'),
    (1, 9, '2019-10-12', '2019-10-17'),
    (4, 13, '2014-12-11', '2021-11-21');

